"1","1","}vhiJ{bulBGKfA_DHS|BcF\q@rAuAVMZAVOl@Q|@KTE|@I`@IJIL[Lm@R_@AQQi@M[Te@~@eBVsAVaBDk@Bk@NeAFsADeCAoDJATAH?JAx@M|OeDGqANMv@G_AiEQuBn@aBd@An@MPIV_@Zm@HS~@eBd@aAPc@x@gBRi@Ra@^o@`@q@fAiBV_@b@s@^o@b@s@f@{@JQd@u@p@kAh@}@`@q@r@mALQzCgFnAwBDINQ|@gB^m@DIp@cAxAaCHM`@q@fCeEVo@Le@BYBY?YC_@i@_CSgBG{AJq@Lg@N]pAuDXo@ZqABc@BoAAuAEmAGmB?yBBaDI}AMk@K_@u@mAo@{@ISi@yAQw@Q}ACu@AS@{Aj@@^Uj@At@e@PS^o@d@gANg@~@oBf@k@bBcAhA{@bBiCr@cCVcBPoCD}@NO@]Ba@Aq@t@eFXiBp@aCRcALuB?cBIsASaDIoIAm@WyIWwIA]S{FNc@|@JRQD]NwCFo@U{@_AxAs@r@e@eFEuAJmAJOZkD`@eEIg@Q`@aBzPEPwA|Ac@\i@Vy@J}@Ds@?MM[{@[l@GhAIhBG\MTQHq@Is@FSTOP_Ar@{Bl@e@R_@`@Wh@Qn@GKSl@c@`BEPY~@e@bBi@~AOj@Qd@O\_AzAW^y@`AKB@PEXkAdB{@ZOOW_@@b@"
"1","2","mofiJwl~lBAc@V^NNz@[jAeBDYAQJCx@aAV_@~@{AN]Pe@Nk@h@_Bd@cBX_ADQb@aBRm@FJPo@Vi@^a@d@SzBm@~@s@NQRUAUXe@d@_A^qAf@}@`@_ARl@Zz@LLr@?|@Ex@Kh@Wb@]vA}ADQ`B{PPa@v@gIDYH}@hAuLXwCT_CJYB[FDBARU@A@EdAx@rDhCLAJHzFnEDBdAx@jDjCNJ|CjCTNJDPH`ElBTJPHhDvAXJBv@NhLM?IX?Z@v@HxGB\N`KBrBBZ@d@?VRC`@CNA?ZpChBV@dJlGd@b@nA|AL`@FIHMX@L@F?Jg@XS@gBLeAHi@Je@f@gBh@mAXm@zAoBhCoD`M_Pz@cAtGmIvAoA|@k@lLkFp@I\MXKXAb@QnAk@PYJ]HMtDaBPIjCiAPKx@c@n@GP@NEDCFMlAg@LLr@`BHHdEhJd@dAbAxBjClGFRLd@f@hBLPPPJLPARH\XvB`Dd@|@BB`@b@xAtBhBtCFX@PATEXLRJRLPNc@LCJJr@x@xD`G\j@b@lAd@|AZjBLxAPpD|@jUHjBJHTtF\`Jh@xKNpCJtBDn@KBHjB@`@HzCBpB@bB@b@?B?P?J@hO@v@@f@L`K?T@t@@`@Cd@FlGDzFDXCFAVDT@@C\XfMVvL@VGT@^@`@HNDlBF`CD`CF~BBzA@RFtCIN@V@ZFDDPf@fOt@|c@J~EH`Aj@rCNd@AH@RDLFFNd@Pj@j@fETfBV|A^hAn@~Aj@rAfBfElAnC`@tAp@tEHv@N~@zAvKJbAr@lPHdCNrHA~BEhBKhAOfAiA`JO`BBzDEd@ATOb@c@|@OPMNXxHBvBGrBClBCxCAh@IlCD`BHj@Lp@^xAV~@BL`@zAJj@Dj@NrBj@pHThDNdBd@pGRpFjA[\jAn@bALx@N~@TfAn@zAl@lAlAn@LDz@\`Cz@lAxGLfAB`@FhB?fBCnFHrALpAVvANdAh@lC@v@hAOzA?V?\L\Rp@\p@v@RT~Ap@XLnAl@TJhA`AbAx@h@D|@RJJf@hA`@Zj@XxAZ?Xe@dGCJUhAaAbG?XDHVr@b@dAjB|Dr@~@\h@RVt@~@b@PvBp@X?v@YLFh@r@d@XOfCOdAG~@f@bAx@f@f@~AdBjFbAhBbC~DR\Tb@FJv@rAn@hAnB`DdBtBbBfBxA~@R`@Pf@b@bANVh@l@r@lBvA|EHr@Bv@Hl@B~@O`D@VHtC?~AMfB?tAPxACfCE`AIdCgAvGSbC@tAVjAVn@PDv@KxAm@f@Et@h@z@bBFv@bAxCXn@r@hAv@a@`@Cd@LJDtA`@vACjACLCJHv@j@HUj@e@N?lCHFA~A?`BEN?^\\LnACdBc@VIVAh@@`@ArBPzDyAjB_ArAaALIl@OzBeA~A@\J`@Nz@l@BR`@zAb@pDd@pFRn@bAfCJVPp@|@tBbAnBfBnCdBbBX\r@~Ab@j@r@j@xAKfABv@N`Av@\n@^|@|@bEPUFIHCFBTZdCnGLRJBHCHI|A_GBK~@tAj@p@xAbAtDnBj@f@|DbF`Al@nAd@JHJXNhAR\NBNQNo@JILDD\?x@IjAEn@Bf@^vAJl@hFjKZ|@LPz@pCv@|Cj@xBhApDZt@Xn@x@~@lClDFHx@xAnArCr@|ATh@Nb@Bh@?h@JbCAl@?d@?XHFLb@|@?VFVRHRJb@JvALlA^nB\|AJPj@nBJTL`@^~A\hBH|@NfENA`@Vd@f@\XfBh@VK^t@h@j@pBjAd@P~@^V`@x@RvAx@fAFhAKl@Y^EhBf@nAKRBfAZRu@Zs@t@oANM^Mx@Rt@`@\b@p@`BbAvBhCpCP`@NbAPpBPbARt@Xb@b@t@Rd@Lb@Ll@r@xEL|ADf@JtAj@fIPbBh@rDZjDHjAHGVMhFSDpJEN_@zA?N?nEAnJ?d@@v@?rK?dD?n@?xA?bAd@?A`C?bC?r@DR?P?TCHAbA?pD?tANVlAAtBET?RAN@lAAbCAFE\TFCx@yAh@?RAv@AxAX^ARAh@?p@hB?lAC~A?x@Aj@HDfALZJxE~BJJrCzFb@n@`AbATFXCVK~AiAbCNHDPJNJRHtCzAjF|BlEbEnA~AlBdBpD|DdGjG`@`@bA~A`@R\Z`@h@pAdENXxAc@P@h@R`@f@b@fB`DtEvBjD`BtAh@hAVr@`@XXDPOz@uBV[Z?xAx@`An@ZDb@CN?LVBTHb@Zh@fBjDxFdOjBdDb@`@XNB@L@HBBBH@d@n@|@FXCtIsCLCx@OxB_A`AI~Bu@z@[xB_@tAC~KvAvADf@K?v@UfHMrFDKDAR@\LJFdAdAdA`Af@^f@@JOxAq@TKn@Y\Mj@hFB^U~NAfBh@rBJ~@^dIP~@ClCDROlEE`@MfAIxAAvARfBBfB?xDMdBIpBChAP|FF`BDb@D`@Pv@j@vAxBfDFFhBjCf@bAj@zAZb@v@nBd@f@d@\JZTbBDhABvCIlCKtAQzAGd@g@xBE`@UdA]nBSzAcAjLoAtLKhBA\?b@Hf@@VGpED??f@X@p@DAp@[`BGrBE|FCxAUrCQ`A`@~@VR^b@N[d@jARL|@^v@l@D@DRPp@_@hAM|@nAg@vBNXr@bCbGVzAQ~CC|@QrCGRGJAh@DRBvI@lB@pA?x@AhCBvADZ\fEJr@Pv@fArBr@`Ap@b@\\l@zAj@bB`@dCz@|EFl@Bf@?d@Ab@E^h@ZEx@o@tEMjCQdAk@pCMv@E~@KnB?`FYhACXDjANlB?JHPN|@LhAAhAKhAWhB]bBc@`B_@fA?l@Jn@F|@EvBYzAmAdDCzAUNCd@CzF@fDAfGDN~@Vd@Bv@Zt@p@GXEV?r@FHN^V]?t@TPNNDLFl@JzBJz@J~@PjAp@nFb@]f@_@ZUFGDj@FCf@lBHNH?`@]PQJr@\rCdAdG\fDNrBJ|B@rB?xCMxEUfCI~AGhC?nADh@|@dEH|@@b@AzBAVGVQv@G\?V?RFz@TnFP|DNrEHx@fA|CL`@BZMxCEdAE~DEx@]fDr@z@t@h@nC|AdAf@xAf@~CnAr@P`AA`AKdCQ|@I\A@j@FRCbB\nNsDdEI`@?TRdDbAjD\~@qAnE{@rCEX?NOL_@pA}B\ORMXk@hCI~@L^lAdD@fAFh@Lh@^`Aj@vAb@rAtAbDd@jA|@fCXn@f@b@Vd@^tAZ`BVfBRfAVv@Lp@JxChBhR@r@IlB?tBDnAJlBb@lB@ZEJ[Dw@ZOLIXGl@Cr@JbE@x@AzG?nALj@Rf@X\Pb@Dt@HjCLtCBrALhFHn@^hBNjAX`@V|@VdADX?d@Ft@DRFPj@~@VvABh@?ZCNc@p@Mr@C`@FtBRnDVpD^zDrBtPRbADfAhAzKnBxTQDMDGd@I^FlDB~IVhEJjDKrE]bFE`Dq@HwA`@g@MyAlCUTm@DO@qAt@{@z@]t@_@d@]lAa@tBIRGVGTFl@Qz@M|@Cn@YjDGPG^M|AIh@K\y@pBm@fBQl@eBvHaAlDMb@g@rBE`@oBdII\_EbPo@jCk@rBGHGB_@SK?QLa@t@MLSf@a@zAC@IPENAJoB|EiB`EeA~Bc@r@aB`Cq@d@eA\_AZa@LaBh@_B|AKAGHMh@yBhCaBtBi@x@y@zAq@xAMNELI`@e@bBaA~FWrASd@e@f@sEhDoB|BSJKXqCfDc@h@gBbBOHGa@u@p@APJx@Fd@H^vAlHLhALbAVxCBNBXFh@`BtJJv@Hv@D~@F@rAfGOL{@d@Jn@fArIZvAJv@Hn@UNMZMdB[rGG`B@f@_CvBOPO@CDUXIFI\kCzCs@dAe@fA{@dCs@nDKh@Mn@NRJJU`Ci@vG_AfSERGr@CZ?j@MvDApCDhGXpIDx@^`DSLOLQRGBSN_F~DMRa@HYF}FzBSH[DAa@Aa@y@V_E|A_ANu@B}@@mAFOKO?w@Xi@Xo@l@a@h@]n@e@lA[rAUlAUfCIrAAjBBfBZ`F?^e@rD?f@{ArASLkAPk@J@V@V}@TG@MVIXEn@CdAIb@u@~AHZ`@v@Nn@BRm@n@VrALXJb@?j@c@hBMHG?CjCTHC\EZSbAs@rCSjBCjA@d@L`C@L@b@@j@DdDBpCI?a@BcD`@_AVgEpBwA|AoCbDmC~DiBbCU`@mF`JyCjFeAbC{@tB{@hCc@zAc@zBeC~PsAtHQ~@e@fBa@tAw@rBs@bBwBrD_AlAiBdBqLvJwBbDsB|DqB`FcB|G_@`B{@zCqA|GiAxDiBxEiEbJ{C|FgDhF{ErEaC`BcI`G_I`FqFxDiGfD_U~I_DzAw@r@o@j@uA~CaChFc@lAyJjT_A~Dk@lFiAzLm@bEYfA_@~AiB~EiBhHuA|Fk@bDOr@CVm@~DSlCaA|_@KtDQzEqAfZi@jM]fRe@b\ElD?zGAlNDhRFrDHvE?rAEfE]pHEbETjEqALmCj@uApA}BvCS`@m@s@q@SKOc@s@k@oD_AyCWwAe@gHe@mFk@sEUsDKa@i@[gADaBK{@YiAsBo@i@}A_BeDqHcEqGg@w@mAqEyB}Ck@wBW_A{AqJu@{BuCaCwBoAaBaGgCsK}ByH_DkJiNsKq@i@uCwB]Y}@q@a@SQDGNGYQk@_AsCAsEXiJZ{MzB}TxEk[~Qw{A`BeO\gIDyEa@eFmFc[cl@_~Bsn@q_CgS_|@kByM[oHSgMBoMjAeYjGcs@dDuXhEoZpFy^bNkr@pEaRrYecAvAoJvB{XrAoMh@_XjBuj@tCoaAj@u\t@kU|AkSlAwKhHab@pIyg@dDoUpByYFqJUySgAmUaAgVCeTVqRpBqc@vDcc@|Ts_CxAiRj@iOJyJWwQaCceAMqPuBiqBu@ya@yAyc@mAq\}@mNyAoMiBuKgDsLif@w`BaaBooCkvAm_FuEirA_`BsbLk[wtBeS_qF"
"1","3","gcbiJ{kemBdS~pFj[vtB~_BrbLtEhrAjvAl_F`aBnoChf@v`BfDrLhBtKxAnM|@lNlAp\xAxc@t@xa@tBhqBLpP`CbeAVvQKxJk@hOyAhR}Tr_CwDbc@qBpc@WpRBdT`AfVfAlUTxSGpJqBxYeDnUqIxg@iH`b@mAvK}AjSu@jUk@t\uCnaAkBtj@i@~WsAnMwBzXwAnJsYdcAqE`RcNjr@qFx^iEnZeDtXkGbs@kAdYCnMRfMZnHjBxMfS~{@rn@p_Cbl@~}BlFb[`@dFExE]fIaBdO_Rv{AyEj[{B|T[zMYhJ@rE~@rCPj@FXFOPE`@R|@p@\XtCvBp@h@hNrK~CjJ|BxHfCrK`B`GvBnAtC`Ct@zBzApJV~@j@vBxB|ClApEf@v@bEpGdDpH|A~An@h@hArBz@X`BJfAEh@ZJ`@TrDj@rEd@lFd@fHVvA~@xCj@nDb@r@JNp@Rl@r@Ra@|BwCtAqAlCk@pAMUkEDcE\qHDgE?sAIwEGsDEiR@mN?{GDmDd@c\\gRh@kMpAgZP{EJuD`A}_@RmCl@_EBWNs@j@cDtA}FhBiHhB_F^_BXgAl@cEhA{Lj@mF~@_ExJkTb@mA`CiFtA_Dn@k@v@s@~C{A~T_JhGgDpFyD~HaFbIaG`CaBzEsEfDiFzC}FhEcJhByEhAyDpA}Gz@{C^aBbB}GpBaFrB}DvBcDpLwJhBeB~@mAvBsDr@cBv@sB`@uAd@gBP_ArAuHdC_Qb@{Bb@{Az@iCz@uBdAcCxCkFlFaJTa@hBcClC_EnCcDvA}AfEqB~@WbDa@`@CH?CqCEeDAk@Ac@AMMaCAe@BkARkBr@sCRcAD[B]UIBkCF?LIb@iB?k@Kc@MYWsAl@o@CSOo@a@w@I[t@_BHc@BeADo@HYLWFA|@UAWAWj@KjAQRMzAsA?g@d@sD?_@[aFCgB@kBHsATgCTmAZsAd@mA\o@`@i@n@m@h@Yv@YN?NJlAG|@At@C~@O~D}Ax@W@`@@`@ZERI|F{BXG`@ILS~E_EROFCPSNMRM_@aDEy@YqIEiG@qCLwD?k@B[Fs@DS~@gSh@wGTaCKKOSLo@Ji@r@oDz@eCd@gAr@eAjC{CH]HGTYBENANQ~BwBAg@FaBZsGLeBL[TOIo@Kw@[wAgAsIKo@z@e@NMsAgGGAE_AIw@Kw@aBuJGi@CYCOWyCMcAMiAwAmHI_@Ge@Ky@@Qt@q@F`@NIfBcBb@i@pCgDJYRKnB}BrEiDd@g@Re@VsA`A_Gd@cBHa@DMLOp@yAx@{Ah@y@`BuBxBiCLi@FIJ@~A}A`Bi@`@M~@[dA]p@e@`BaCb@s@dA_ChBaEnB}E@KDOHQBA`@{ARg@LM`@u@PMJ?^RFCFIj@sBn@kC~DcPH]nBeIDa@f@sBLc@`AmDdBwHPm@l@gBx@qBJ]Hi@L}AF_@FQXkDBo@L}@P{@Gm@FUFWHS`@uB\mA^e@\u@z@{@pAu@NAl@ETUxAmCf@LvAa@p@IDaD\cFJsEKkDWiEC_JGmDH_@Fe@LEPEoByTiA{KEgAScAsBuP_@{DWqDSoDGuBBa@Ls@b@q@BO?[Ci@WwAk@_AGQESGu@?e@EYWeAW}@Ya@OkA_@iBIo@MiFCsAMuCIkCEu@Qc@Y]Sg@Mk@?oA@{GAy@KcEBs@Fm@HYNMv@[ZEDKA[c@mBKmBEoA?uBHmBAs@iBiRKyCMq@Ww@SgAWgB[aB_@uAWe@g@c@Yo@}@gCe@kAuAcDc@sAk@wA_@aAMi@Gi@AgAmAeDM_@H_Aj@iCLYNS|B]^qANM?ODYz@sCpAoE]_AcAkDSeD?UHa@rDeE]oNBcBGSAk@]@}@HeCPaAJaA@s@Q_DoAyAg@eAg@oC}Au@i@s@{@\gDDy@D_EDeALyCC[Ma@gA}CIy@OsEQ}DUoFG{@?S?WF]Pw@FW@W@{BAc@I}@}@eEEi@?oAFiCH_BTgCLyE?yCAsBK}BOsB]gDeAeG]sCKs@QPa@\I?IOg@mBGBEk@GF[Tg@^c@\q@oFQkAK_AK{@K{BGm@EMOOUQ?u@W\O_@GI?s@DWFYu@q@w@[e@C_AWEO@gGAgDB{FBe@TOB{AlAeDX{ADwBG}@Ko@?m@^gAb@aB\cBViBJiA@iAMiAO}@IQ?KOmBEkABYXiA?aFJoBD_ALw@j@qCPeALkCn@uEDy@i@[D_@@c@?e@Cg@Gm@{@}Ea@eCk@cBm@{A]]q@c@s@aAgAsBQw@Ks@]gEE[CwA@iC?y@AqAAmBCwIES@i@FKFSPsCB}@P_DW{AcCcGYs@wBOoAf@L}@^iAQq@ESEAw@m@}@_@SMe@kAOZ_@c@WSa@_APaATsCByAD}FFsBZaB@q@q@EYA?g@E?FqEAWIg@?c@@]JiBnAuLbAkLR{A\oBTeADa@f@yBFe@P{AJuAHmCCwCEiAUcBK[e@]e@g@w@oB[c@k@{Ag@cAiBkCGGyBgDk@wAQw@Ea@Ec@GaBQ}FBiAHqBLeB?yDCgBSgB@wAHyALgADa@NmEESBmCQ_A_@eIK_Ai@sB@gBT_OC_@k@iF]Lo@XUJyAp@KNg@Ag@_@eAaAeAeAKG]MSAE@EJLsFTgH?w@g@JwAE_LwAuAByB^{@Z_Ct@aAHyB~@y@NMBuIrCYB}@Ge@o@IACCICMACAYOc@a@kBeDyFeOgBkD[i@Ic@CUMWO?c@B[EaAo@yAy@[?WZ{@tBQNYEa@YWs@i@iAaBuAwBkDaDuEc@gBa@g@i@SQAyAb@OYqAeEa@i@][a@ScA_Ba@a@eGkGqD}DmBeBoA_BmEcEkF}BuC{ASIOKQKIEcCO_BhAWJYBUGaAcAc@o@sC{FKKyE_C[KgAMIE@k@?y@B_B?mAq@iBi@?S@_@@yAYw@@S@i@?y@xAGB]UGDcC@mA@OAS@U?uBDmA@OW?uA?qD@cABI?U?QES?s@?cC@aCe@??cA?yA?o@?eD?sKAw@?e@@oJ?oE?O^{ADOEqJiFRWLIFIkA[kDi@sDQcBk@gIKuAEg@M}As@yEMm@Mc@Se@c@u@Yc@Su@QcAQqBOcAQa@iCqCcAwBq@aB]c@u@a@y@S_@LOLu@nA[r@St@gA[SCoAJiBg@_@Dm@XiAJgAGwAy@y@SWa@_A_@e@QqBkAi@k@_@u@WJgBi@]Ye@g@a@WO@OgEI}@]iB_@_BMa@KUk@oBKQ]}A_@oBMmAKwAKc@ISWSWG}@?Mc@IG?Y?e@@m@KcC?i@Ci@Oc@Ui@s@}AoAsCy@yAGImCmDy@_AYo@[u@iAqDk@yBw@}C{@qCMQ[}@iFkKKm@_@wACg@Do@HkA?y@E]MEKHOn@OPOCS]OiAKYKIoAe@aAm@}DcFk@g@uDoByAcAk@q@_AuACJ}A~FIHIBKCMSeCoGU[GCIBGHQT}@cE_@}@]o@aAw@w@OgACyAJs@k@c@k@s@_BY]eBcBgBoCcAoB}@uBQq@KWcAgCSo@e@qFc@qDa@{ACS{@m@a@O]K_BA{BdAm@NMHsA`AkB~@{DxAsBQa@@i@AW@WHeBb@oAB]M_@]O?aBD_B?G@mCIO?k@d@ITw@k@KIMBkABwABuAa@KEe@Ma@Bw@`@s@iAYo@cAyCGw@{@cBu@i@g@DyAl@w@JQEWo@WkAAuARcCfAwGHeCDaABgCQyA?uALgB?_BIuCAWNaDC_AIm@Cw@Is@wA}Es@mBi@m@OWc@cAQg@Sa@yA_AcBgBeBuBoBaDo@iAw@sAGKUc@S]cC_EcAiBeBkFg@_By@g@g@cAF_ANeANgCe@Yi@s@MGw@XY?wBq@c@Qu@_ASW]i@s@_AkB}Dc@eAWs@EI?Y`AcGTiABKd@eG?YyA[k@Ya@[g@iAKK}@Si@EcAy@iAaAUKoAm@YM_Bq@SUq@w@q@]]S]MW?{A?iANAw@i@mCOeAWwAMqAIsABoF?gBGiBCa@MgAmAyGaC{@{@]MEmAo@m@mAo@{AUgAO_AMy@o@cA]kAkAZSqFe@qGOeBUiDk@qHOsBEk@Kk@a@{ACMW_A_@yAMq@Ik@EaBHmC@i@ByCBmBFsBCwBYyHLONQb@}@Nc@@UDe@C{DNaBhAaJNgAJiADiB@_COsHIeCs@mPKcA{AwKO_AIw@q@uEa@uAmAoCgBgEk@sAo@_B_@iAW}AUgBk@gEEs@Eq@@KAYIOKAIg@g@_CGg@McCGuDKwIAUG}DIyFQeJ]iMAOCw@IaD?YG}CO{FEyCAk@Cs@?YAYQoGCeAC}@A{@CcACaACaAC_AA_AG}BGWFQ@MAKGOB[G{FEsGC[?a@Aw@?UEqGAmB?i@?u@CiO?c@?cCG_FKsD@UFQCe@Cu@KWMgCqAoXu@{QSqH?gDAyFAy@AmCAWKm@Us@uF{HWc@Kg@Su@U]{@w@_AgAmAoBkBsC_AkAU[qBeBkAcBi@IIKSa@c@cAgDsHs@_Bg@gAeEkJ_AwBIKQM[AiABEGQe@MsAi@mICi@Eg@i@iIi@iIAMCYCe@m@wJC]EUEOmAcROc@{AkVEu@C_@C_@iBuXCe@AUCUe@eICg@Ee@{@{MEc@Ek@g@oIEm@UuDCe@o@oKC[aAeOEaACc@Em@QiCGa@SyCAQIUEOKy@a@gHGs@DCZMdA]j@UNYXeBNgAPiELKNyD`@yJFu@NwATeBp@uEhBqMFc@HYRQ~B_A^OhBs@PG~Am@NGLENG~Am@LE|Ak@PIPGdBm@PGPGnAg@RGLEtEcBh@SlCaAEs@?KBELGD_@jAeDDMNa@Ro@nCuIjByFS_AkBeDMe@d@}FSKSjC"
"1","4","y|~hJqvlmBMxA@RDJFBLd@jBdDR~@kBxFoCtISn@O`@ELkAdDE^MFCD?JDr@mC`Ai@RuEbBMDSFoAf@QFQFeBl@QFQH}Aj@MD_Bl@OFMDOF_Bl@QFiBr@_@N_C~@SPIXGb@iBpMq@tEUdBOvAGt@a@xJOxDMJQhEOfAYdBOXk@TeA\[LEBC?[NEBIMYkAsEcE]ME@q@pGk@`BKd@?d@CZQjAGdA?|AJzBInAa@bBsAvE[f@CBs@bAkAnAoAp@{@Co@Le@\g@b@kAtB}BdEGJK@_AwCG@GFwBbE}C|FIV?BELGVGn@El@CrB@b@R|CZfFHtA?d@SdCG`@AHGd@El@@b@XbHDz@Ll@Dp@BbAODKBI@MDS?aADWDUNOXMXSrAu@lDUz@KTCDs@bBQPEL]d@ELQP{@dA{@dAg@j@GHEE[ZYEODm@h@{D`E{@`AaA?WNo@p@a@p@c@`AEf@Ev@oAdDWl@U\e@hAUnAOtASrAWr@c@~AO~@SjBg@pDm@~FMlAMzDKdDg@zFSvCcCfXFf@CX}AbQa@lEa@rDQtAmAjKq@`G[fDIdCAbAHdCHdAFb@BbAH|@@j@@lAGxBCl@KjAS|@[nCSdEGl@Ql@Q\{@nAmAtCWdAOdAUdCCTELKBaBc@GEC`@A\ONE|@QnCWbBs@bCcBhCiAz@cBbAg@j@_AnBOf@e@fA_@n@QRu@d@k@@_@Tk@AAzA@RBt@P|APv@h@xAHRn@z@t@lAJ^Lj@H|AC`D?xBFlBDlA@tACnACb@[pAYn@qAtDO\Mf@Kp@FzARfBh@~BB^?XCXCXMd@Wn@gCdEa@p@ILyA`Cq@bAEH_@l@}@fBOPEHoAvB{CfFMPs@lAa@p@i@|@q@jAe@t@KPg@z@c@r@_@n@c@r@W^gAhB]D[Fc@I{@SsGgB_Cs@YIcC{AaAu@uAqAk@_@UGa@IEAWIIAMSCy@OACEGEcAiAUgBKWs@SgAISCMC[EmDm@IAAOBkB?oA?sFI_Aa@iBq@{C_@uBCO[sBMsAGk@Qb@k@fAo@^UQ_@IWEYMwBjAKq@CIGYMGw@XC@g@\]RYPA@OJMFGZq@hAm@pAq@x@mAxAEB_CKCBIDgAdBWVm@~@EO}@dBQ^GVmAYQUUSe@g@OEu@KKEIEuA{C[_@oAtDCBiE|CcB|@kB\OKmAzHGb@qBjMsB~M[~DG|AEtECpARBb@xC?pAQf@K`@"
"2","1","s{_iJwthmB[}DTM?IC[IDQO}Af@[P[XWh@IFoCfAIJ?LDj@TlD{An@{An@c@P{Al@_Br@[kFMDy@\m@Vc@RE@GBi@R]FQDEGKy@a@gHGs@Ky@MaAMc@IKkB}AuAwAq@Ye@OgBq@Fq@XFpAl@b@JxEnE@GbAyGD]rA{ILg@LUNGLWRY~BsORcAp@iFV{CL}BNmBEAMGGu@?u@n@{NJq@ZuGHo@Bq@B[\{GB[?SAUB[DQFWJs@Js@\kCFw@Bs@Ba@vAqLhBcOJqAHmDCYCEC?GJIn@gBhOgAw@w@ukAkLiqEuA_lAih@icDofAk_DlQzvAoAhvCa]|dB{s@dmCsCjKeAfH_@~IQhIc@lE{@dBaDbH"
"2","2","k`giJk_rmB`DcHz@eBb@mEPiI^_JdAgHrCkKzs@emC`]}dBnAivCmQ{vAnfAj_Dhh@hcDtA~kAjLhqEv@tkAfAv@fBiOHo@ReAP]HIPCNJLNVZJXBDBVBt@AhDCjAGnAGv@St@i@`AKNe@hAKVo@bBGb@?NBb@MN[n@Of@Q`AgAbJe@nEUtEm@hO[~IWzFKlAUjBOlBM|BWzCq@hFSbA_CrOSXMVOFMTMf@sAzIE\cAxGAFyEoEc@KqAm@YGYK}@PcAc@g@M_FqAKCy@Uw@GO?wAPc@Lg@ZYTOT}@pAq@n@WN_@p@}D~Ea@VOByFw@KKISOFG@SDMVqBdA]JCOAESwAq@oDK[MM_D}BqD{BCEEAMKQMOKCAAAELGJCF?LcBhBOPc@h@MNGL}AhBk@l@cEtEoA~AMPKPKRS^qBlDiB~CINEFITi@dBQd@GPKXYh@kClCq@n@k@j@QRy@~@KCy@v@s@dAo@bAIHk@hBO\GRGRSTGFWVEDUTgA`ACBI\IFUZWVQLiAdAQXONONSLYRw@d@kBHC?G?MKmCFGNYGSKIGCCKEe@b@CDq@n@ENQNKJMNKNOLKAgAdAEPMJMLKJIHGAqBjBuCnCGPMLMLONOJO@iBdBg@f@}AvAQOK_@IUEEKIMGOIu@vBM\_B`ECFILg@t@gArB}@xBi@`Be@zAWj@cAlBiBjCg@d@a@XWJ_AA[YsAcBGASIkJsK[[a@a@mAcAaB]uAQmAHq@Lu@ZuBvA]Rc@F_AG_@M_@Ym@y@U[[WYMOQKFODQJ]F}AzAGF}@fAsAnB}CtDaBhAqAl@_Bj@[`@}AZaD|@{Az@kEtB{Al@gHzCkAXUGKQK?Ac@?k@b@oFFo@T}BDa@@IpCkZbA_LXmG`BmRHa@J]X[M{@VSJODW@gALkA"
"2","3","kijiJetgmBMjAAfAEVKNWRLz@YZK\I`@aBlRi@`GwExg@E`@S|BGl@LHPHb@RRLJPh@|AJP\Vf@@rAi@pAm@`@Qf@UbAi@hA{@h@]NKnAEXGvCgATI|@Sx@QBA@V~Ak@pAm@`BiA|CuDrAoB|@gAFG|A{A\GPKNEJGNPXLZVTZl@x@^X^L~@Fb@G\StBwAt@[p@MlAItAP`B\lAbA`@`@ZZjJrKRHF@rAbBZX~@@VK`@Yf@e@hBkCbAmBVk@d@{ARr@d@rBFb@v@o@RCPTDRNnATvCPvCL~@zArJBb@Ed@QrBARMdBBv@Dv@Lf@LpDFfBE`BB~A?lFA^ADVLLFBt@?\Lf@h@zAf@fAJb@HPBRFXFBNTTr@l@nD?VJd@HTNEJEJEHlA?FrAdG@DDPBLfB|FBZEJGJ\nAp@fCx@nCv@nCl@zBH`@r@jCHRDJJ\FPJPhA~CHRDIHQrGzR`BvEZnABTBVF`A\GFXRl@Zz@LLr@?|@Ex@Kh@Wb@]vA}ADQ`B{PPa@Hf@a@dE[jDKNKlADtAd@dFr@s@~@yATz@Gn@OvCE\SP}@KOb@RzF@\VvIVxI@l@HnIR`DHrA?bBMtBSbAq@`CYhBu@dF@p@C`@A\ONE|@QnCWbBs@bCcBhCiAz@cBbAg@j@_AnBOf@e@fA_@n@QRu@d@k@@_@Tk@AkAg@{FiEoDgCs@UaALYR]`@a@z@Ol@uAzFk@pBMv@EpAKj@GLa@ZSH[?MEW[MGWTI`@Oj@KlAG~A?JMdEEfAa@NYbAMnAEr@?d@ADFpDDdC?HBrAUzAMt@CNCA"
"2","4","y~fiJgkzlBeDi@EAk@`@GDwAjAGFGNCjAA\Ah@AvAA\UCeAMAh@E`CGdDAv@AXKfFCbAGz@EPe@nAMVk@l@k@f@SRIREr@A|CCTSd@iA|A?p@?fB?RUGKhGMjFc@nJYnD]lBs@pBKXARDXNdALbALh@JXJPTN?`Dy@LK@I?U@K@@nDEdCGrAOdACj@PZKfBg@rE_@xDIjAEnAAfDTlM@n@RCNCPCvB_@C_AXE"
"3","1","in`iJwpcmBJPBj@Bb@Dz@BVBt@Dr@J~AP~ADh@Fr@Cb@MJmBr@HtAb@~HBj@a@PEByAf@FnFHbFFxDDlEmD|@h@hMBp@Ad@G\?Jc@Ni@NiKnE{Az@o@f@y@x@{IzK_MbPaCbDmAzA{AvBDLBLuBvDcA~AYL[Aa@QkJoGQSeCeB[g@ACG@I@K?OTGDIBGDKLeANMG_Ae@_Ae@c@UKEYOwBeAQISKIEcAg@IE_Bw@IEGQAWFeAk@Ws@t@cAlAiArAgEpFoBjCo@nBu@tCK|CCVSb@BbAH|@@j@@lAGxBCl@KjAS|@[nCSdEGl@Ql@Q\{@nAmAtCWdAOdAUdCCTELKBaBc@GEC`@A\ONE|@QnCWbBs@bCcBhCiAz@cBbAg@j@_AnBOf@e@fA_@n@QRu@d@k@@_@Tk@AAzA@RBt@P|APv@h@xAHRn@z@t@lAJ^Lj@H|AC`D?xBFlBDlA@tACnACb@[pAYn@qAtDO\Mf@Kp@FzARfBh@~BB^?XCXCXMd@Wn@gCdEa@p@ILyA`Cq@bAEH_@l@}@fBOPEHoAvB{CfFMPs@lAa@p@i@|@q@jAe@t@KPg@z@c@r@_@n@c@r@W^gAhBa@p@_@n@S`@Sh@y@fBQb@e@`A_AdBIR[l@W^QHo@Le@@o@`BPtB~@hEw@FOLFpA}OdDy@LK@I?U@K@@nDEdCGrAOdACj@Ej@W`BWrA_AdBUd@Q\[h@_@l@MPc@TQDcB\CCIEM[GDMFEBQr@QVs@n@c@`@cAlBg@nAa@`AO\I?I?E@EHCFCF@b@cDxJWVUx@cA|DOrAInBEnAKbBEzBAhAB~@FlAZxCFbAb@tC?VAJK`@IX@\_@vA_@h@gE`H]PKNGNGd@Md@cApBCFSH[j@Uj@w@lBqAfCm@jAeCrEKTQP[SI?OPWnDKpCARoC~PQj@i@bBk@xAkAhB_CfEUPu@t@Qr@_A~@iArAm@fAuBdHQh@m@xC[xD_@xEY~Dc@p@WZk@pBo@xCaBjCO`@JVDZ@tBArAEd@Hn@H~@HfCGbCa@lHCR[nEQbBIr@S`Bi@xC"
"3","2","ufkiJigmlBh@yCRaBHs@PcBZoEBS`@mHFcCIgCI_AIo@De@@sAAuBE[KWNa@`BkCn@yCj@qBV[b@q@X_E^yEZyDl@yCC]GSKEGKZsHZgIRDbBeGSa@Vw@Ba@QaEYeHY}FfAo@x@w@T{AbAwHDsAO}DZ_BNw@LKCOKu@@G@WDWe@Oo@w@c@IEGC[EC|AeHLa@~AaHFW@UH]@]b@oBJQPu@J]HILe@@k@@M~AcHLm@Re@F]bC}KLm@pBaJf@qBRML@@IFYBMISAYLaA@GtAiGb@sBP[DMAc@B[z@_ENo@V_Ab@}@j@y@Ze@R[FEjBkC|DcGDe@G[KYMc@Re@JSLSvJ{R~@iBf@iA?G`@y@Rc@AUBGJUFOBCBIFKDONLDLDLBD@B@BZcATw@Po@BGr@yBRo@LYN_@X]|@Ob@GlAOn@KDAPC~AUVHHVVJJKPy@H@VHD@`@HTFj@^tApA`At@bCzAXH~Br@rGfBz@Rb@HZG\EfAiBV_@b@s@^o@b@s@f@{@JQd@u@p@kAh@}@`@q@r@mALQzCgFnAwBDINQ|@gB^m@DIp@cAxAaCHM`@q@fCeEVo@Le@BYBY?YC_@i@_CSgBG{AJq@Lg@N]pAuDXo@ZqABc@BoAAuAEmAGmB?yBBaDI}AMk@K_@u@mAo@{@ISi@yAQw@Q}ACu@AS@{Aj@@^Uj@At@e@PS^o@d@gANg@~@oBf@k@bBcAhA{@bBiCr@cCVcBPoCD}@NO@]Ba@FD`Bb@JCDMBUTeCNeAVeAlAuCz@oAP]Pm@Fm@ReEZoCR}@JkABm@FyBAmAAk@I}@CcAGc@IeAIeC@cAHeCZgDp@aGlAkKPuA`@sD`@mE|AcQBYGg@bCgXRwCf@{FJeDL{DLmAl@_Gf@qDRkBN_Ab@_BVs@RsANuAToAd@iAT]Vm@nAeDd@THFVJLFXJnCnALHHDBg@h@yHJcBF]PYFIT@RSLg@?_@AQCIsAwFI[[kAe@mCGYw@cFKo@{@gF_AuFG[KQCKESaAaGCQaA{FCO{B_NEUc@iC[yBGg@Gg@Ks@WkBKgAIyAMsGOuJUcMAe@A[CoB?_A?o@JOn@{@f@e@JM`C{C|AgBJMfBwB^g@RUjAsAX[JKNA`@EFADUn@eCReAJc@AK?OBw@Fk@pAmHF[~AcJGGYMKoSAM?a@OyTWFH|J?\"
"3","3","ofciJ}mkmB@tF?h@?L\VJnSXLFF_BbJGZqAlHGj@Cv@?N@JKb@SdAo@dCETEAMKQMOKCAAAELGJCF?LcBhBOPc@h@MNGL}AhBk@l@cEtEoA~AMPKPB`@Bj@Ft@BnB@Z@d@TbMNtJLrGHxAJfAVjBJr@Ff@Ff@ZxBb@hCDTzB~MBN`AzFBP`A`GDRBJA\F\~@tFx@hFJp@t@`FDXr@lFD^BTb@rE?v@Ez@{@bMCd@MIoCoAYKMGWKIGe@UoAdDWl@U\e@hAUnAOtASrAWr@c@~AO~@SjBg@pDm@~FMlAMzDKdDg@zFSvCcCfXFf@CX}AbQa@lEa@rDQtAmAjKq@`G[fDIdCAbAHdCHdAFb@BbAH|@@j@@lAGxBCl@KjAS|@[nCSdEGl@Ql@Q\{@nAmAtCWdAOdAUdCCTELKBaBc@GEC`@A\ONE|@QnCWbBs@bCcBhCiAz@cBbAg@j@_AnBOf@e@fA_@n@QRu@d@k@@_@Tk@AAzA@RBt@P|APv@h@xAHRn@z@t@lAJ^Lj@H|AC`D?xBFlBDlA@tACnACb@[pAYn@qAtDO\Mf@Kp@FzARfBh@~BB^?XCXCXMd@Wn@gCdEa@p@ILyA`Cq@bAEH_@l@}@fBOPEHoAvB{CfFMPs@lAa@p@i@|@q@jAe@t@KPg@z@c@r@_@n@c@r@W^gAhB]D[Fc@I{@SsGgB_Cs@YIcC{AaAu@uAqAk@_@UGa@IEAWIIAQx@KJWKIWWI_BTQBE@o@JmANc@F}@NY\O^MXSn@s@xBCFQn@Uv@c@t@U`@O^g@jAEOGUa@x@?Fg@hA_AhBwJzRMRKRSd@Ql@}BlEiA~AiArAOTQT[\ICGJILILBZGd@i@bBOl@mA~FSf@CNCb@c@lBuAlGAFQb@[XCLG^CR?d@AVS~@GZw@nDCf@Qt@QZ]|A}A|GEj@]|AKFCJYpA_BnHU^Mp@Ip@Op@iAfFU`A{C~M]zAEAQPyBuAcAu@}BeB[WqB{AEXEVCVMZSVkGvHU`@sAdEMd@QfAI~@Af@@`DIrCEh@u@fK?h@@R?NY`FKb@I@MC[LIDGh@Wf@ONOLi@La@Rc@l@]fBIvAKrBJbCBl@G`CBdAFfAR`BJjAFlA@vA?pAEz@I~@s@xCIp@Iz@AfAAR@lCKjAWrAQ|@o@e@QEi@@QH]^e@z@AJQbAGbCU\e@RFv@?Vw@No@Bi@Cw@SkAy@ID_@t@oA~@o@j@COMTk@dB_@n@KOE@K_@OSEEoB@KDq@CISMEE@EDIRC|@OhBIrBW`DOx@Sd@OFMNOd@Mz@Cr@@h@Hn@@v@Cb@C`@Od@S`@o@x@SRa@LCAI?KHELCT@PHZFHH?JI`@b@NHH@LCPULa@fAmEFQ`@i@d@On@GRHPNb@n@f@RLlCIn@S[O]QkA"
"3","4","}|liJwtmlBPjAN\RZHo@MmCg@Sc@o@QOSIo@Fe@Na@h@GPgAlEM`@QTMBIAOIa@c@DMD[CWMWCAYe@f@mAHm@CeAI[]U{@Y[SK[Ac@BYt@eF^cCWeAc@?{@`@SKm@}@kAeBQa@X}AjB}JfCvB~ByIvA_H`BmIFc@B[bAoFz@sEJaCx@_Fj@{D\{DLgCBw@A{AMkFCcA?U?e@DmEF_BJqCToC\qCVyAPy@Dy@Fy@ViEHa@C[JiCBuAEwCIoCMaE_@uFk@aHeAuHOe@g@i@Ui@Qe@Qk@MqAA{@@_@Dm@Lc@JIt@s@NMG[Sm@SK_@gDM}BIeDBkBHmBn@sBPu@@w@W{D?s@L}@Pq@Vy@rGcU\oDNiCLcH@y@?_@GsA@{@Ae@?aBDkGBsE?kDMKCQ@gEKAo@IICAc@WoAEi@?i@Bc@bAgDBk@I{B@{@h@mGEuAcAZe@?cACo@OOIMI]a@]i@Oc@I]SkAImA?yAVmCNy@F]n@iBQSMDc@lAMUI?_@VECEOMiAMy@?KCWS{DCUEYLMDKH_D?_@DiD@Y@[JkE[iCQUF[MQCoGNo@T]`ByA^U\SNGDFN@DGDUAYIQGCKUQ_AOgAQmAI]"
"4","1","_qfiJgpdmBw@r@kBdBGLAECKEWONYXYd@QHq@ASKARMdBBv@Dv@Lf@LpDFfBE`BB~A?lFA^ADVLLFBt@?\Lf@h@zAf@fAJb@HPBRFXFBNTTr@l@nD?VJd@HTNEJEJEHlA?FrAdG@DDPBLfB|FBZEJGJ\nAp@fCx@nCv@nCl@zBH`@r@jCHRDJJ\FPJPhA~CHRDIHQrGzR`BvEZnABTBVF`A\GFXRl@Zz@LLr@?|@Ex@Kh@Wb@]vA}ADQ`B{PPa@Hf@a@dE[jDKNKlADtAd@dFr@s@~@yATz@Gn@OvCE\SP}@KOb@RzF@\VvIVxI@l@HnIR`DHrA?bBMtBSbAq@`CYhBu@dF@p@C`@A\ONE|@QnCWbBs@bCcBhCiAz@cBbAg@j@_AnBOf@e@fA_@n@QRu@d@k@@_@Tk@AAzA@RBt@P|APv@h@xAHRn@z@t@lAJ^Lj@H|AC`D?xBFlBDlA@tACnACb@[pAYn@qAtDO\Mf@Kp@FzARfBh@~BB^?XCXCXMd@Wn@gCdEa@p@ILyA`Cq@bAEH_@l@}@fBOPEHoAvB{CfFMPs@lAa@p@i@|@q@jAe@t@KPg@z@c@r@_@n@c@r@W^gAhB]D[Fc@I{@SsGgB_Cs@YIcC{AaAu@uAqAk@_@UGa@IEAWIIAQx@KJWKIWWI_BTQBE@o@JmANc@F}@NY\O^MXSn@s@xBCFQn@Uv@c@t@U`@O^g@jAEOGUa@x@?Fg@hA_AhBwJzRMRKRSd@Ql@}BlEiA~AiArAOTQT[\ICGJILILBZGd@i@bBOl@mA~FSf@CNCb@c@lBuAlGAFQb@[XCLG^CR?d@AVS~@GZw@nDCf@Qt@QZ]|A}A|GEj@]|AKFCJYpA_BnHU^Mp@Ip@Op@iAfFU`AHLgAbFJNHJ|@hAMh@"
"4","2","ckjiJefslBLi@}@iA~AaHFW@UH]@]b@oBJQPu@J]HILe@@k@@M~AcHLm@Re@F]bC}KLm@pBaJf@qBRML@@IFYBMISAYLaA@GtAiGb@sBP[DMAc@B[z@_ENo@V_Ab@}@j@y@Ze@R[FEjBkC|DcGDe@G[KYMc@Re@JSLSvJ{R~@iBf@iA?G`@y@Rc@AUBGJUFOBCBIFKDONLDLDLBD@B@BZcATw@Po@BGr@yBRo@LYN_@X]|@Ob@GlAOn@KDAPC~AUVHHVVJJKPy@H@VHD@`@HTFj@^tApA`At@bCzAXH~Br@rGfBz@Rb@HZG\EfAiBV_@b@s@^o@b@s@f@{@JQd@u@p@kAh@}@`@q@r@mALQzCgFnAwBDINQ|@gB^m@DIp@cAxAaCHM`@q@fCeEVo@Le@BYBY?YC_@i@_CSgBG{AJq@Lg@N]pAuDXo@ZqABc@BoAAuAEmAGmB?yBBaDI}AMk@K_@u@mAo@{@ISi@yAQw@Q}ACu@AS@{Aj@@^Uj@At@e@PS^o@d@gANg@~@oBf@k@bBcAhA{@bBiCr@cCVcBPoCD}@NO@]Ba@Aq@t@eFXiBp@aCRcALuB?cBIsASaDIoIAm@WyIWwIA]S{FNc@|@JRQD]NwCFo@U{@_AxAs@r@e@eFEuAJmAJOZkD`@eEIg@Q`@aBzPEPwA|Ac@\i@Vy@J}@Ds@?MM[{@Sm@GY]FGaACWCU[oAaBwEsG{RIUeA_DIUGMMYCKKYu@iCK_@}CuKmAsEIa@gB}FCMEQAEsAeG?GImAKDKDODIUKe@?Wm@oDUs@OUGCGYCSIQKc@g@gAi@{AMg@?]Cu@MGWM@E@_@?mFC_BDaBGgBMqDMg@Ew@Cw@LeB@SPsBDe@Cc@{AsJM_AQwCUwCOoAESQUSBw@n@Gc@e@sBSs@e@zAWj@cAlBiBjCg@d@a@XWJ_AA[YsAcBGASIkJsKa@vB[a@ETCV[~BQ~AKx@?TKL_@|DA`@~AxA@G"
"4","3","{chiJozdmB\kBd@iBZ_AJAx@qCiAwBQ][Qg@]BWDUZ`@`@wBjJrKRHF@rAbBZX~@@VK`@Yf@e@hBkCbAmBVk@d@{ARr@d@rBFb@v@o@RCPTDRNnATvCPvCL~@zArJBb@Ed@QrBARMdBBv@Dv@Lf@LpDFfBE`BB~A?lFA^ADVLLFBt@?\Lf@h@zAf@fAJb@HPBRFXFBNTTr@l@nD?VJd@HTNEJEJEHlA?FrAdG@DDPBLfB|FBZEJGJ\nAp@fCx@nCv@nCl@zBH`@r@jCHRDJJ\FPJPhA~CHRDIHQrGzR`BvEZnABTBVF`A\GFXRl@Zz@LLr@?|@Ex@Kh@Wb@]vA}ADQ`B{PPa@Hf@a@dE[jDKNKlADtAd@dFr@s@~@yATz@Gn@OvCE\SP}@KOb@RzF@\VvIVxI@l@HnIR`DHrA?bBMtBSbAq@`CYhBu@dF@p@C`@A\ONE|@QnCWbBs@bCcBhCiAz@cBbAg@j@_AnBOf@e@fA_@n@QRu@d@k@@_@Tk@AAzA@RBt@P|APv@h@xAHRn@z@t@lAJ^Lj@H|AC`D?xBFlBDlA@tACnACb@[pAYn@qAtDO\Mf@Kp@FzARfBh@~BB^?XCXCXMd@Wn@gCdEa@p@ILyA`Cq@bAEH_@l@}@fBOPEHoAvB{CfFMPs@lAa@p@i@|@q@jAe@t@KPg@z@c@r@_@n@c@r@W^gAhBa@p@_@n@S`@Sh@y@fBQb@e@`A_AdBIR[l@W^QHo@Le@@o@`BPtB~@hEw@FOLFpA}OdDy@LK@I?U@K@@nDEdCGrAOdACj@Ej@W`BWrA_AdBUd@Q\[h@_@l@MPc@TQDcB\CCIEM[GDMFEBQr@QVs@n@c@`@cAlBg@nAa@`AO\I?I?E@EHCFCF@b@cDxJWVUx@cA|DOrAInBEnAKbBEzBAhAB~@FlAZxCFbAb@tC?VAJK`@IX@\_@vA_@h@gE`H]PKNGNGd@Md@cApBCFSH[j@Uj@w@lBqAfCm@jAeCrEKTQP[SI?A^EXQ|AAd@MxC[|BiAfHSrAW|AKp@GTi@vB}AjEQ\FP@f@I|@aBzAGHIGu@j@GTAXDZG`@][w@hFZ\"
"4","4","oljiJ{fplB[]v@iF\ZFa@E[@YFUt@k@HFFI`B{AH}@Ag@GQP]|AkEh@wBFUJq@V}ARsAhAgHZ}BLyCf@oBBEVWR_@hCyEv@yArAgCt@mBjAgBpAwCHQLNLKBSCQdB{Cb@u@nAyBb@w@h@s@L_@DUHk@@]@]y@mFIc@QqAMcBA{@?iAHmBFkBNgDRqAdAaEd@{ALOrAkDpAsDBUBIFEHS@B|BcF\q@rAuAVMZAVOl@Q|@KTE|@I`@IJIL[Lm@R_@AQQi@M[Te@~@eBVsAVaBDk@Bk@NeAFsADeCAoDJATAH?JAx@M|OeDGqANMv@G_AiEQuBn@aBd@An@MPIV_@Zm@HS~@eBd@aAPc@x@gBRi@Ra@^o@`@q@fAiBV_@b@s@^o@b@s@f@{@JQd@u@p@kAh@}@`@q@r@mALQzCgFnAwBDINQ|@gB^m@DIp@cAxAaCHM`@q@fCeEVo@Le@BYBY?YC_@i@_CSgBG{AJq@Lg@N]pAuDXo@ZqABc@BoAAuAEmAGmB?yBBaDI}AMk@K_@u@mAo@{@ISi@yAQw@Q}ACu@AS@{Aj@@^Uj@At@e@PS^o@d@gANg@~@oBf@k@bBcAhA{@bBiCr@cCVcBPoCD}@NO@]Ba@FD`Bb@JCDMBUTeCNeAVeAlAuCz@oAP]Pm@Fm@ReEZoCR}@JkABm@FyBAmAAk@I}@CcAGc@IeAIeC@cAHeCZgDp@aGlAkKPuA`@sD`@mE|AcQBYGg@bCgXRwCf@{FJeDL{DLmAl@_Gf@qDRkBN_Ab@_BVs@RsANuAToAd@iAT]Vm@nAeDd@THFVJLFXJnCnALHHDBg@h@yHJcBF]PYFIT@RSLg@?_@AQCIsAwFI[[kAe@mCGYw@cFKo@{@gF_AuFG[KQCKESaAaGCQaA{FCO{B_NEUc@iC[yBGg@Gg@Ks@WkBKgAIyAMsGOuJUcMAe@A[CoB?_A?o@AIA[EYKq@Uo@{BgBKIMKEEyEqDUS}@s@i@_@KIMKmAy@QMaDaCMIm@e@MMaBkAwCuB{D{C{@o@i@g@UUCO]g@_@k@OMOQ{BqBk@m@uA}CY_Ak@_Cq@wDAGESGWG_@EMsByK_BmIMs@Qs@UoA[{AcC}M_AsHAQCMAIE[EWYq@cAkE}@yEEo@a@_Cs@qECu@Ma@EOG]EYKg@@Q@UOQWu@_@oBe@sCKq@OwBB}BHkDFq@J{@L{@R_AL]JOF@\uAN_Az@qCE]?s@BIv@}CDONYFmAHw@j@iBTc@\_@@wBJ?H?rAFDKBU\_FDSDSn@BXNPIN_@NeBP_CFwAR}F?a@D}FDsFA_ABYr@gA|JiCFB@F"
"5","1","sddiJosgmB?FB|AHvDIBHRf@tCt@hEF\F^DV\xBBHhAkAFGb@hCDTzB~MBN`AzFBP`A`GDRBJA\F\~@tFx@hFJp@t@`FDXr@lFD^BTb@rE?v@Ez@{@bMCd@MIoCoAYKMGWKIGe@UoAdDWl@U\e@hAUnAOtASrAWr@c@~AO~@SjBg@pDm@~FMlAMzDKdDg@zFSvCcCfXFf@CX}AbQa@lEa@rDQtAmAjKq@`G[fDIdCAbAHdCHdAFb@BbAH|@@j@@lAGxBCl@KjAS|@[nCSdEGl@Ql@Q\{@nAmAtCWdAOdAUdCCTELKBaBc@GEC`@A\ONE|@QnCWbBs@bCcBhCiAz@cBbAg@j@_AnBOf@e@fA_@n@QRu@d@k@@_@Tk@AAzA@RBt@P|APv@h@xAHRn@z@t@lAJ^Lj@H|AC`D?xBFlBDlA@tACnACb@[pAYn@qAtDO\Mf@Kp@FzARfBh@~BB^?XCXCXMd@Wn@gCdEa@p@ILyA`Cq@bAEH_@l@}@fBOPEHoAvB{CfFMPs@lAa@p@i@|@q@jAe@t@KPg@z@c@r@_@n@c@r@W^gAhB]D[Fc@I{@SsGgB_Cs@YIcC{AaAu@uAqAk@_@UGa@IEAWIIAMSCy@OACEGEcAiAUgBKWs@SgAISCMC[EmDm@IAAOBkB?oA?sFI_Aa@iBq@{C_@uBCO[sBMsAGk@Qb@k@fAo@^UQ_@IWEYMwBjAKq@CIGYMGw@XC@g@\]RYPA@OJMFGZq@hAm@pAq@x@mAxAEB_CKCBIDgAdBWVm@~@EO}@dBQ^GVmAYQUUSe@g@OEu@KKEIEuA{C[_@oAtDCBiE|CcB|@kB\OKmAzHGb@qBjMsB~M[~DG|AEtECpAIdASrA[~@SZMJq@^[He@Dk@?UGiHoBgBm@aAk@s@o@{DkEsA{ACY[s@@KMOaAg@k@OmAKi@Eq@G_DWiAs@?^Ax@MbHInA"
"5","2","cnliJwiwlBHoALcH@y@?_@hAr@~CVp@Fh@DlAJj@N`Af@LNAJCREVZZLDrAzAzDjEr@n@`Aj@fBl@hHnBTFj@?d@EZIp@_@LKR[Z_ARsAHeABqADuEF}AZ_ErB_NpBkMFc@lA{HZeBb@yBj@sA~AaCtA}BKUaAuBk@iADIX_AFu@@g@Ca@Ng@F?JMD_@HELQTg@z@kAFu@L_@PSh@]hBaAJCPBRe@FYTSG[sAiHIw@Ec@?y@BcADc@jB}JDYz@uESUKf@EGy@{@EMC?"
"5","3","w|iiJ}x{lBB?DLx@z@DFo@jDRVHHp@x@bAjCpAoCxAyCfA{BRm@Ls@L_@@e@JkAPmAHe@j@pARd@r@xAnAbCb@bAf@dB\rBJ`AJxA@ZDXBl@HlELjB@BRnBF^D`@PpBFv@TfDHl@?fCBvADxAPnBHl@HMDFNDb@SJANJJIJp@vBkAXLVD^HTPn@_@j@gAPc@Fj@LrAZrBBN^tBp@zC`@hBH~@?rF?nACjB@NH@lDl@ZDLBRBfAHr@RJVTfBbAhAFDBDN@Bx@LRH@VHD@`@HTFj@^tApA`At@bCzAXH~Br@rGfBz@Rb@HZG\EfAiBV_@b@s@^o@b@s@f@{@JQd@u@p@kAh@}@`@q@r@mALQzCgFnAwBDINQ|@gB^m@DIp@cAxAaCHM`@q@fCeEVo@Le@BYBY?YC_@i@_CSgBG{AJq@Lg@N]pAuDXo@ZqABc@BoAAuAEmAGmB?yBBaDI}AMk@K_@u@mAo@{@ISi@yAQw@Q}ACu@AS@{Aj@@^Uj@At@e@PS^o@d@gANg@~@oBf@k@bBcAhA{@bBiCr@cCVcBPoCD}@NO@]Ba@Aq@t@eFXiBp@aCRcALuB?cBIsASaDIoIAm@WyIWwIA]S{FNc@|@JRQD]NwCFo@U{@_AxAs@r@e@eFEuAJmAJOZkD`@eEIg@Q`@aBzPEPwA|Ac@\i@Vy@J}@Ds@?MM[{@Sm@GY]FGaACWCU[oAaBwEsG{RIUeA_DIUGMMYCKKYu@iCK_@}CuKmAsEIa@gB}FCMEQAEsAeG?GImAKDKDODIUKe@?Wm@oDUs@OUGCGYCSIQKc@g@gAi@{AMg@?]Cu@MGWM@E@_@?mFC_BDaBGgBMqDMg@Ew@Cw@LeB@SPsBDe@Cc@{AsJM_AQwCUwCOoAESQUSBw@n@Gc@e@sBSs@e@zAWj@cAlBiBjCg@d@a@XWJ_AA[YsAcBGASIkJsKHg@AOr@mBJg@TaCDeA?m@?WIwCGOCe@A[A_@ASIiAGi@SoE_@kHGsACwACmAPm@PcAR{AJyABI@IDo@AY?m@JeGb@mIp@iKBgBCgBYwF]qEWiCYwBw@qEUsBQ_Cq@yKGyACmBD}AF_@HUHMQ}@JOBMHaAUqAOsAY}@g@mA_AkA[W@EVy@@AoAiC]s@EeBWq@DGb@s@z@sAJMm@aCYeACIc@cB]uAEQx@sADGgAmECM_@yAk@yBKq@AKKgALaAFc@Ce@QmAc@mFq@eIa@uAEW[{DAa@De@Rc@JGn@A?S?WA_@D]Pm@D]DeBAOG??xACFEEBaCBoBDO@_C"
"5","4","yrhiJyqnmBA~BENCnBC`CDDBG?yAF?@NEdBE\Ql@E\@^{Br@@L@XDRh@dGLnB@Tj@xGBR`@vEN`CPnBLv@@LF^n@fC^zADL~@xDFPBJb@v@F@J^HVd@bAj@|@d@l@d@^FD^XxAb@h@`@xAzAPXPPELSLFn@F~@O`AYxA[`BWhA`@p@BPNV[@KPo@tAi@`AGNCZObAOXMRCFI`ACLKNP|@ILITG^E|ABlBFxAp@xKP~BTrBv@pEXvBVhC\pEXvFBfBCfBq@hKc@lIKdG?l@@XEn@AHCHKxASzAQbAQl@BlABvAFrA^jHRnEFh@HhA@R@^@ZBd@FNHvC?V?l@EdAU`CKf@s@lB@NIf@jJrKRHF@rAbBZX~@@VK`@Yf@e@hBkCbAmBVk@d@{ARr@d@rBFb@v@o@RCPTDRNnATvCPvCL~@zArJBb@Ed@QrBARMdBBv@Dv@Lf@LpDFfBE`BB~A?lFA^ADVLLFBt@?\Lf@h@zAf@fAJb@HPBRFXFBNTTr@l@nD?VJd@HTNEJEJENENAfC~A~AbA\RvGfAbBXD@PbALRJJLDFBdAiABAPAl@XHBLRdDtAFENFf@PDA|@TRFXNRLlD|BFHDJHHB@FDFBXJJFhEtBnAn@TNLFVPB@dAx@rDhCLAJHzFnEDBdAx@jDjCNJ|CjCTNJDPH`ElBTJPHhDvAXJBv@NhLM?IX?Z@v@HxGB\N`KBrBBZ@d@?V@LFRXjRHCZAN@VRLPJXLn@B`@?L?ZEf@Id@Mb@J~BZ~HJjEJhE?H@dEDzCLlD@~@AbAIjCCdFEtAYrAFHl@zA\Fj@AZwC?a@J{@"
"6","1","ejliJ{gylB?Ac@e@W|A[dDK?MnCAfEBPLJ?jDCrEEjG?`B@d@Az@FrAhAr@~CVp@Fh@DlAJj@N`Af@LNAJCREVZZLDrAzAzDjEr@n@`Aj@fBl@hHnBTFj@?d@EZIFn@\g@z@e@JIvAI?L?`@f@`CPnA?dAU|COvDg@rJAvANh@Dd@GzATfBAZ@^FXNTTJj@L?`@JzAKDTZbAFFDJFvCDpCCbAO~@OTEFBxBUB?bBYHMLE\?l@`@HL@F?d@AVS~@GZDDNRFHFRtAfBHBJIJ\NVj@v@jA~AxAnBCXk@zCDJAd@LYEl@La@Lf@`AnAp@x@a@dBw@pDK`@wAmBM?IJm@rCOU"
"6","2","ksiiJsatlBNTl@sCHKL?vAlBJa@v@qD`@eBx@uDd@uB`BqH^{ABQ|@}DhAmF`@iBx@wDJKEU?SCKi@gBQcACo@D{@Eg@Ci@CWKyEIeGG}EFGHUQc@K]Oa@vJ{R~@iBf@iA?G`@y@Rc@AUBGJUFOBCBIFKDONLDLDLBD@B@BZcATw@Po@BGr@yBRo@LYN_@X]|@Ob@GlAOn@KDAPC~AUVHHVVJJKPy@H@VHD@`@HTFj@^tApA`At@bCzAXH~Br@rGfBz@Rb@HZG\EfAiBV_@b@s@^o@b@s@f@{@JQd@u@p@kAh@}@`@q@r@mALQzCgFnAwBDINQ|@gB^m@DIp@cAxAaCHM`@q@fCeEVo@Le@BYBY?YC_@i@_CSgBG{AJq@Lg@N]pAuDXo@ZqABc@BoAAuAEmAGmB?yBBaDI}AMk@K_@u@mAo@{@ISi@yAQw@Q}ACu@AS@{Aj@@^Uj@At@e@PS^o@d@gANg@~@oBf@k@bBcAhA{@bBiCr@cCVcBPoCD}@NO@]Ba@FD`Bb@JCDMBUTeCNeAVeAlAuCz@oAP]Pm@Fm@ReEZoCR}@JkABm@FyBAmAAk@I}@CcAGc@IeAIeC@cAHeCZgDp@aGlAkKPuA`@sD`@mE|AcQBYGg@bCgXPH|@}Ih@}Dd@}CNcANSRaAJcABs@FsABWH_@N_CN}@Re@Fa@t@Lh@JJKRWj@_@HI@UCQ}A_A?o@CMASX}DBg@@OA[ECDYqCyA_CiB_@_@_@i@S[c@gAOm@i@}BK[m@yDEUIOIQcAgGAc@GY_AoFE]PQp@q@GYiBoKGKE?g@b@QRKi@_@eCG]EY{@iFEWEUYiBGQIQc@iCE[G[G[y@{EIT_DtCQPIHiD|CMJMJwBnBOLBNl@jDF\DXIH"
"6","3","aheiJayemBEDcDxCGFyCnCMLIFKJMLIG_B|AMJKL_DnCmBjBc@^MJOLgHrGQRa@ZoGdGODOA@TDd@ONYXYd@QHq@ASKARMdBBv@Dv@Lf@LpDFfBE`BB~A?lFA^ADVLLFBt@?\Lf@h@zAf@fAJb@HPBRFXFBNTTr@l@nD?VJd@HTNEJEJEHlA?FrAdG@DDPBLfB|FBZEJGJ\nAp@fCx@nCv@nCl@zBH`@r@jCHRDJJ\FPJPhA~CHRDIHQrGzR`BvEZnABTBVF`A\GFXRl@Zz@LLr@?|@Ex@Kh@Wb@]vA}ADQ`B{PPa@Hf@a@dE[jDKNKlADtAd@dFr@s@~@yATz@Gn@OvCE\SP}@KOb@RzF@\VvIVxI@l@HnIR`DHrA?bBMtBSbAq@`CYhBu@dF@p@C`@A\ONE|@QnCWbBs@bCcBhCiAz@cBbAg@j@_AnBOf@e@fA_@n@QRu@d@k@@_@Tk@AAzA@RBt@P|APv@h@xAHRn@z@t@lAJ^Lj@H|AC`D?xBFlBDlA@tACnACb@[pAYn@qAtDO\Mf@Kp@FzARfBh@~BB^?XCXCXMd@Wn@gCdEa@p@ILyA`Cq@bAEH_@l@}@fBOPEHoAvB{CfFMPs@lAa@p@i@|@q@jAe@t@KPg@z@c@r@_@n@c@r@W^gAhB]D[Fc@I{@SsGgB_Cs@YIcC{AaAu@uAqAk@_@UGa@IEAWIIAMSCy@OACEGEcAiAUgBKWs@SgAISCMC[EmDm@IAAOBkB?oA?sFI_Aa@iBq@{C_@uBCO[sBMsAGk@Qb@k@fAo@^UQ_@IWEYMwBjAKq@CIGYMGw@XC@g@\]RYPA@OJMFGZq@hAm@pAq@x@mAxAEB_CKCBIDgAdBWVm@~@EO}@dBQ^GVmAYQUUSe@g@OEu@KKEIEuA{C[_@oAtDCBiE|CcB|@kB\OKmAzHGb@qBjMsB~M[~DG|AEtECpAIdASrA[~@SZMJq@^[He@Dk@?UGiHoBgBm@aAk@s@o@{DkEBOl@p@"
"6","4","uwkiJ_lwlBm@q@CNzDjEr@n@`Aj@fBl@hHnBTFj@?d@EZIp@_@LKR[Z_ARsAHeABqADuEF}AZ_ErB_NpBkMFc@lA{HNJjB]bB}@hE}CBCnAuDZ^tAzCHDJDt@JNDd@f@TRPTlAXCTDNFDbBoCOi@l@_AVWfAeBHEBC~BJDClAyAp@y@l@qAp@iAF[LGNK@AXQ\Sf@]BAv@YLFFXBHJp@vBkAXLVD^HTPn@_@j@gAPc@Fj@LrAZrBBN^tBp@zC`@hBH~@?rF?nACjB@NH@lDl@ZDLBRBfAHr@RJVTfBbAhAFDBDN@Bx@LRH@VHD@`@HTFj@^tApA`At@bCzAXH~Br@rGfBz@Rb@HZG\EfAiBV_@b@s@^o@b@s@f@{@JQd@u@p@kAh@}@`@q@r@mALQzCgFnAwBDINQ|@gB^m@DIp@cAxAaCHM`@q@fCeEVo@Le@BYBY?YC_@i@_CSgBG{AJq@Lg@N]pAuDXo@ZqABc@BoAAuAEmAGmB?yBBaDI}AMk@K_@u@mAo@{@ISi@yAQw@Q}ACu@AS@{Aj@@^Uj@At@e@PS^o@d@gANg@~@oBf@k@bBcAhA{@bBiCr@cCVcBPoCD}@NO@]Ba@FD`Bb@JCDMBUTeCNeAVeAlAuCz@oAP]Pm@Fm@ReEZoCR}@JkABm@FyBAmAAk@I}@CcAGc@IeAIeC@cAHeCZgDp@aGlAkKPuA`@sD`@mE|AcQBYGg@bCgXRwCf@{FJeDL{DLmAl@_Gf@qDRkBN_Ab@_BVs@RsANuAToAd@iAT]Vm@nAeDDw@Dg@b@aA`@q@n@q@VO`A?z@aAzDaEl@i@NEXDZ[DDFIf@k@z@eAz@eAPQDM\e@DMPQr@cBBEJUT{@t@mDRsALYNYTOVE`AER?LEHAJCNEXfHBPDFFD`Ck@DJ`@xJRIMiC"
"7","1","ywliJowllBQt@Mv@Cr@CJ]z@KDkAc@WPU^Kb@eB|Ac@BwA?aAa@OUGWPkCBk@?Si@eEe@cAi@y@Ue@Fk@e@a@UQSMC_AVU^wCbAmDFgANe@Hd@CT@PHZFHH?JIDMD[f@gAr@u@h@kAXaALQXMJMHQJi@F{@@c@Ai@E_@AsBByA^oEHk@Pa@FIz@I`CEFfADBd@HHBReCPu@d@iAn@k@nA_A^u@HEjAx@v@Rh@Bn@Cv@O?WGw@d@ST]FcCPcA@Kd@{@\_@PIh@APDn@d@P}@VsAJkAAmC@S@gAH{@Hq@r@yCH_AD{@?qAAwAGmAKkASaBGgACeAFaCCm@KcCJsBHwA\gBb@m@`@Sh@MNMNOVg@Fi@HEZMLBHAJc@XaF?OAS?i@t@gKDi@HsCAaD@g@H_APgALe@rAeETa@jGwHRWL[BWDWDYpBzAZV|BdBbAt@xBtAPQD@JHRJDB|AeHLa@~AaHFW@UH]@]b@oBJQPu@J]HILe@@k@@M~AcHLm@Re@F]bC}KLm@pBaJf@qBRML@@IFYBMISAYLaA@GtAiGb@sBP[DMAc@B[z@_ENo@V_Ab@}@j@y@Ze@R[FEjBkC|DcGDe@G[KYMc@Re@JSLSvJ{R~@iBf@iA?G`@y@Rc@AUBGJUFOBCBIFKDONLDLDLBD@B@BZcATw@Po@BGr@yBRo@LYN_@X]|@Ob@GlAOn@KDAPC~AUVHHVVJJKPy@H@VHD@`@HTFj@^tApA`At@bCzAXH~Br@rGfBz@Rb@HZG\EfAiBV_@b@s@^o@b@s@f@{@JQd@u@p@kAh@}@`@q@r@mALQzCgFnAwBDINQ|@gB^m@DIp@cAxAaCHM`@q@fCeEVo@Le@BYBY?YC_@i@_CSgBG{AJq@Lg@N]pAuDXo@ZqABc@BoAAuAEmAGmB?yBBaDI}AMk@K_@u@mAo@{@ISi@yAQw@Q}ACu@AS@{Aj@@^Uj@At@e@PS^o@d@gANg@~@oBf@k@bBcAhA{@bBiCr@cCVcBPoCD}@NO@]Ba@FD`Bb@JCDMBUTeCNeAVeAlAuCz@oAP]Pm@Fm@ReEZoCR}@JkABm@FyBAmAAk@I}@CcARc@BWJ}Ct@uCn@oBnBkCfEqFhAsAbAmAr@u@j@VGdA@VFPHD~Av@HDbAf@HDRJPHvBdAXNJDb@T~@d@~@d@LFJFZVJB^CRC`@CNA?ZpChBV@dJlGd@b@nA|AL`@FIHMX@L@F?Jg@XS@gBLeAHi@Je@f@gBh@mAXm@zAoBhCoD`M_Pz@cAtGmIvAoA|@k@lLkFp@I\MXKXAb@QBX?^AZYlCIp@Eb@?d@RdI@f@LlBFtBWxBC\W~BCX@d@j@|DLn@P|AD\RzCRpCDb@X~DJjADn@c@h@A@o@n@e@p@MZKOu@GYIg@`AIj@Cj@"
"7","2","mw`iJyi~lBBk@Hk@f@aAXHt@FJNL[d@q@n@o@@Ab@i@Eo@KkAY_EEc@SqCS{CE]Q}AMo@k@}DAe@BYV_CB]YUOw@]a@ISGc@[gB?k@AUEMOSIYI_BUoDOw@E]Es@@g@GaAEYIUK}A?o@Ek@MgBSuCGo@?cAEYIeAAwAKaA?eCi@aMCc@G[CWBs@i@eLCyBAwCEkB[gEKyC?qB@aACo@g@{OS_CIy@MsDEaWGaAAm@C}b@?wF@yA`@{RP}H?_CI_EIoAQiBMeA?QBo@HcAlCiQyEoEc@KqAm@YGYK}@PcAc@g@M_FqAKCy@Uw@GO?wAPc@Lg@ZYTOT}@pAq@n@WN_@p@}D~Ea@VOByFw@KKISEUQcAMyBIW_CgEyBsDOIW@Wh@Wn@KLYJ]AUEWQU[Si@Ck@G]Em@AK?OBw@Fk@pAmHGI]]OMy@k@K?wAeAcCcBGOBSz@oHBMGG}HyFKGIIiFyDOKQIeE{COKQMmCoBIIBQ@KZcCTgBDa@d@}DDY@SUMWYa@k@Ia@CW?m@?[HiAP}@EMEMEKMU]Ue@QUBS?CEMe@_BuHMi@a@iBCIGEGd@AAGGIEYU_@i@I^q@bEQSW]k@s@k@u@o@y@KO@K]c@ZmB"
"7","3","obeiJ}cmmB^yB\d@TuAJPDQ@YNXv@pAZf@d@t@D@LCDCDAHDBB^PP\HFDBFD@@S|AG^FDBH`@hBLh@~AtHLd@BDR?TCd@P\TLTDJSt@I~@Aj@@\BhA@VFTl@n@C\e@`EE^CNm@zEEZEX}@lHEZCXe@pDCTa@fDE\Gf@k@zEuAvKCXCJi@jECVAHu@~FEZCNl@d@NJ~C~BPLhBpA|BbBzExDNLJJnBvAFJLZPdABZB`@Bj@Ft@BnB@Z@d@TbMNtJLrGHxAJfAVjBJr@Ff@Ff@ZxBb@hCDTzB~MBN`AzFBP`A`GDRBJA\F\~@tFx@hFJp@t@`FDXr@lFD^BTb@rE?v@Ez@{@bMCd@MIoCoAYKMGWKIGe@UoAdDWl@U\e@hAUnAOtASrAWr@c@~AO~@SjBg@pDm@~FMlAMzDKdDg@zFSvCcCfXFf@CX}AbQa@lEa@rDQtAmAjKq@`G[fDIdCAbAHdCHdAFb@BbAH|@@j@@lAGxBCl@KjAS|@[nCSdEGl@Ql@Q\{@nAmAtCWdAOdAUdCCTELKBaBc@GEC`@A\ONE|@QnCWbBs@bCcBhCiAz@cBbAg@j@_AnBOf@e@fA_@n@QRu@d@k@@_@Tk@AAzA@RBt@P|APv@h@xAHRn@z@t@lAJ^Lj@H|AC`D?xBFlBDlA@tACnACb@[pAYn@qAtDO\Mf@Kp@FzARfBh@~BB^?XCXCXMd@Wn@gCdEa@p@ILyA`Cq@bAEH_@l@}@fBOPEHoAvB{CfFMPs@lAa@p@i@|@q@jAe@t@KPg@z@c@r@_@n@c@r@W^gAhB]D[Fc@I{@SsGgB_Cs@YIcC{AaAu@uAqAk@_@UGa@IEAWIIAQx@KJWKIWWI_BTQBE@o@JmANc@F}@NY\O^MXSn@s@xBCFQn@Uv@c@t@U`@O^g@jAEOGUa@x@?Fg@hA_AhBwJzRMRKRSd@Ql@}BlEiA~AiArAOTQT[\ICGJILILBZGd@i@bBOl@mA~FSf@CNCb@c@lBuAlGAFQb@[XCLG^CR?d@AVS~@GZw@nDCf@Qt@QZ]|A}A|GEj@]|AKFCJYpA_BnHU^Mp@Ip@Op@iAfFU`A{C~M]zAEAQPyBuAcAu@}BeB[WqB{AEXEVCVMZSVkGvHU`@sAdEMd@QfAI~@Af@@`DIrCEh@u@fK?h@@R?NY`FKb@I@MC[LIDGh@Wf@ONOLi@La@Rc@l@]fBIvAKrBJbCBl@G`CBdAFfAR`BJjAFlA@vA?pAEz@I~@s@xCIp@Iz@AfAAR@lCKjAWrAQ|@CZSfCSrA]~@?VAf@PxBVbBPlBDlAEnAKfAKdB?l@BzA?rACb@QnAa@vBGzAKjBQjASl@KZc@x@cA~AOPi@yAK]Ec@C_@?[y@TCTQb@KLMBw@GSIGM@a@Ay@WaAOFu@bAHj@"
"7","4","cqliJonmlBIk@t@cANGV`A@x@A`@FLRH?w@Aq@EiAIaAOkAQy@Uw@i@}AJ[[_Aq@kAa@}@Sq@]yBUmBAqAICe@IECGgAAqAEEoB@@i@Lm@Ta@PIL@ROCSMHSaAQi@OQGWAMz@yIFyC\gHCy@I]OYg@]CCYKSOGSSXWHOAc@IB[bAoFz@sEJaCx@_Fj@{D\{DLgCBw@A{AMkFCcA?U?e@DmEF_BJqCToC\qCVyAPy@Dy@Fy@ViEHa@C[JiCBuAEwCIoCMaE_@uFk@aHeAuHOe@g@i@Ui@Qe@Qk@MqAA{@@_@Dm@Lc@JIt@s@NMG[Sm@SK_@gDM}BIeDBkBHmBn@sBPu@@w@W{D?s@L}@Pq@Vy@rGcU\oDNiCLcH@y@?_@GsA@{@Ae@?aBDkGBsE?kDMKCQ@gEKAo@IICAc@WoAEi@?i@Bc@bAgDBk@I{B@{@h@mGEuAcAZe@?cACo@OOIMI]a@]i@Oc@I]SkAImA?yAVmCNy@F]n@iBQSMDc@lAMUI?_@VECEOMiAMy@?KCWS{DCUEYLMDKH_D?_@DiD@Y@[JkE[iCQUF[MQCoGNo@T]`ByA^U\SNGDFN@DGDUAYIQGCKUQ_AOgAQmAe@gCKc@jDeElAyARc@F]@g@A}@OqGCYQSg@i@_A_As@u@Su@Mo@W{A}AsJh@wAf@gBXu@j@gAVeAZ}BLeAHmB@aBCwAMy@W}@c@Su@w@f@aDJ_B?u@@o@@}AM@I@OM?a@A]@gADcBv@uBV{BBiDCwASwHEgCQsCMgF?{A?gAC{@BsALg@T_CFyB~ARBRJVLJt@MVe@f@oANg@BOD}@HaAL}ABQJSZ[^]_@gA"
"8","1","e{liJuhqlBF`B`@B@|@d@BZBH@LgCBw@A{AHCJO^y@f@kGNDVHHBBJlA`@r@LN@RHDLF^KRGRE\?j@@R^`EH~@@zBLKLo@HaALYT@j@Y?I@eBh@Jf@Cb@Hj@\FBjAp@PR^TRRb@f@b@xAR`@VFHwA\gBb@m@`@Sh@MNMNOVg@Fi@HEZMLBHAJc@XaF?OAS?i@t@gKDi@HsCAaD@g@H_APgALe@rAeETa@jGwHRWL[BWDWDYpBzAZV|BdBbAt@xBtAPQD@JHRJDB|AeHLa@~AaHFW@UH]@]b@oBJQPu@J]HILe@@k@@M~AcHLm@Re@F]bC}KLm@pBaJf@qBRML@@IFYBMISAYLaA@GtAiGb@sBP[DMAc@B[z@_ENo@V_Ab@}@j@y@Ze@R[FEjBkC|DcGDe@G[KYMc@Re@JSLSvJ{R~@iBf@iA?G`@y@Rc@AUBGJUFOBCBIFKDONLDLDLBD@B@BZcATw@Po@BGr@yBRo@LYN_@X]|@Ob@GlAOn@KDAPC~AUVHHVVJJKPy@H@VHD@`@HTFj@^tApA`At@bCzAXH~Br@rGfBz@Rb@HZG\EfAiBV_@b@s@^o@b@s@f@{@JQd@u@p@kAh@}@`@q@r@mALQzCgFnAwBDINQ|@gB^m@DIp@cAxAaCHM`@q@fCeEVo@Le@BYBY?YC_@i@_CSgBG{AJq@Lg@N]pAuDXo@ZqABc@BoAAuAEmAGmB?yBBaDI}AMk@K_@u@mAo@{@ISi@yAQw@Q}ACu@AS@{Aj@@^Uj@At@e@PS^o@d@gANg@~@oBf@k@bBcAhA{@bBiCr@cCVcBPoCD}@NO@]Ba@Aq@t@eFXiBp@aCRcALuB?cBIsASaDIoIAm@WyIWwIA]S{FNc@|@JRQD]NwCFo@U{@_AxAs@r@e@eFEuAJmAJOZkD`@eEIg@dAf@`A_@JA"
"8","2","eydiJcp`mBK@aA^eAg@Hf@a@dE[jDKNKlADtAd@dFr@s@~@yATz@Gn@OvCE\SP}@KOb@RzF@\VvIVxI@l@HnIR`DHrA?bBMtBSbAq@`CYhBu@dF@p@C`@A\ONE|@QnCWbBs@bCcBhCiAz@cBbAg@j@_AnBOf@e@fA_@n@QRu@d@k@@_@Tk@AAzA@RBt@P|APv@h@xAHRn@z@t@lAJ^Lj@H|AC`D?xBFlBDlA@tACnACb@[pAYn@qAtDO\Mf@Kp@FzARfBh@~BB^?XCXCXMd@Wn@gCdEa@p@ILyA`Cq@bAEH_@l@}@fBOPEHoAvB{CfFMPs@lAa@p@i@|@q@jAe@t@KPg@z@c@r@_@n@c@r@W^gAhB]D[Fc@I{@SsGgB_Cs@_@lJCl@@Nj@hC`AA"
"8","3","aigiJouwlBaA@k@iCAOBm@^mJ~Br@rGfBz@Rb@HZG\EfAiBV_@b@s@^o@b@s@f@{@JQd@u@p@kAh@}@`@q@r@mALQzCgFnAwBDINQ|@gB^m@DIp@cAxAaCHM`@q@fCeEVo@Le@BYBY?YC_@i@_CSgBG{AJq@Lg@N]pAuDXo@ZqABc@BoAAuAEmAGmB?yBBaDI}AMk@K_@u@mAo@{@ISi@yAQw@Q}ACu@AS@{Aj@@^Uj@At@e@PS^o@d@gANg@~@oBf@k@bBcAhA{@bBiCr@cCVcBPoCD}@NO@]Ba@FD`Bb@JCDMBUTeCNeAVeAlAuCz@oAP]Pm@Fm@ReEZoCR}@JkABm@FyBAmAAk@I}@CcARc@BWJ}Ct@uCn@oBnBkCfEqFhAsAbAmAr@u@j@VGdA@VFPHD~Av@HDbAf@HDRJPHvBdAXNJDb@T~@d@~@d@LFJFZVJB^CRC`@CNA?ZpChBV@dJlGd@b@nA|AL`@FIHMX@L@F?Jg@XS@gBLeAHi@Je@f@gBh@mAXm@zAoBhCoD`M_Pz@cAtGmIvAoA|@k@lLkFp@I\MXKXAb@QnAk@PYJ]HMtDaBPIjCiAPKx@c@n@GP@NEDCFMAc@AcAAu@Qe@MsAi@mICi@Eg@i@iIi@iIAMCYCe@m@wJC]EUEOmAcROc@{AkVEu@PIfBu@JGTKrFyBz@]RI|@_@BRJGnAe@NG~@e@~@{@dBsBRUNU~@gBjAiCXq@HUPc@N_@NGdC{Hf@mB@YFCVeAZkANk@@SDE`BqGHc@@YFMp@wCLm@DWH]Lm@FIDW"
"8","4","iy~hJ}vfmBl@uCJg@hB}IA]GSDUMMSUw@tDm@u@OOK_@UiDy@\OFkAd@a@RSw@UeDKe@G_@Gs@C_@@e@QuB[kBBeACm@KsAKkAGa@G}@Ag@SsCKe@OuBSBQgC?_@IqA]yELEAOCc@AQ}B~@iBr@YTWH}Al@sBt@SHMNQHiA`@IDQO}Af@[P[XWh@IFoCfAIJ?LDj@TlD{An@{An@c@P{Al@_Br@[kFMDy@\m@Vc@RE@GBi@R]FQDEGKy@a@gHGs@Ky@MaAMc@IKkB}AuAwAq@Ye@OgBq@oAk@cAc@g@M_FqAKCy@Uw@GO?wAPc@Lg@ZYTOT}@pAq@n@WN_@p@}D~Ea@VOByFw@KKISEUQcAMyBIW_CgEyBsDOIW@Wh@Wn@KLYJ]AUEWQU[Si@Ck@G]Em@AK?OBw@Fk@pAmHGI]]OMy@k@K?wAeAcCcBGOBSz@oHBMGG}HyFKGIIiFyDOKQIeE{COKQMmCoBIIBQ@KZcCTgBDa@d@}DDY@SUMWYa@k@Ia@CW?m@?[HiAP}@EMEMEKMU]Ue@QUBS?CEMe@_BuHMi@a@iBCIGEF_@R}AAAGEECIGQ]_@QCCIEE@EBMBEAe@u@[g@w@qAOY]k@}AiCS]]g@MSuBoDoD_GoAqBS]?VCZQvAYtBs@zEWbBWxA"
"9","1","_z_iJsuemB??C[UHQH}B|@OF}B|@ODkBt@QFaBp@QFQCeBn@OFMD@J?HDd@NjCn@|If@jIB^B^Ft@@HJjBlAtRIt@FfAHRdAnPl@vJFRDf@Bd@pArSBh@Dh@Df@t@tL?LCDB^eBfAQPON{BjAOHkEnBSNOI}CnAc@Ni@NiKnE{Az@o@f@y@x@{IzK_MbPaCbDmAzA{AvBgC|Dc@v@[r@kAnBkBfD]PUAMGIMu@qAYi@S_AZIn@nBo@rBo@KUFUFa@b@Qp@M\_@h@?L?ZEf@Id@Mb@SLKD[DQAICMCGBLbABd@F`DJbH@t@w@F]DCRSh@k@tA"
"9","2","ekciJup}lBj@uARi@BSSi@q@aBoA{CJY~CiIGMO]KWJUHo@@c@Lw@L]Xa@HCZAN@CsAKiJGaDBW?[?c@@u@ACAi@CsGIkDCQGmDCoCI_@Cu@K{GIm@GQAoA?_@?_@a@UQGiDuAQGUKaEoBQKDk@d@}GBi@Dk@RsCBe@Dk@x@}LDg@Di@VaEd@_HDo@z@iMBc@b@uGF}@Do@^aFB_@Bg@h@yHJcBF]PYFIT@RSLg@?_@AQCIsAwFI[[kAe@mCGYw@cFKo@{@gF_AuFG[KQCKESaAaGCQaA{FCO{B_NEUc@iC[yBGg@Gg@Ks@WkBKgAIyAMsGOuJUcMAe@A[CoB?_A?o@AIA[EYKq@Uo@{BgBKIMKEEyEqDUS}@s@i@_@KIMKmAy@QMaDaCMIm@e@MMaBkAwCuB{D{C{@o@i@g@UUCO]g@_@k@OMOQ{BqBk@m@uA}CY_Ak@_Cq@wDAGESGWG_@EMsByK_BmIMs@Qs@UoA[{AcC}M_AsHAQCMAIE[EWYq@cAkE}@yEEo@a@_Cs@qECu@Ma@EOG]EYKg@@Q@UOQWu@_@oBe@sCKq@OwBB}BHkDFq@J{@L{@R_AL]JOF@\uAN_Az@qCE]?s@BIv@}CDONYFmAHw@j@iBTc@\_@@wBJ?H?rAFDKBU\_FDSDSn@BXNPIN_@NeBP_CFwAR}F?a@D}FDsFA_ABYr@gA"
"9","3","adfiJcmqmBs@fACX@~@ErFE|F?`@S|FGvAQ~BOdBO^QHYOo@CERER]~ECTEJsAGI?K?AvB]^Ub@k@hBIv@GlAOXENw@|CCHCBG^IVG\Kh@Y~@c@rA[h@BPB^BRM\S~@Mz@Kz@Gp@IjDC|BNvBJp@d@rC^nBVt@NPATAPJf@DXF\DNL`@Bt@r@pE`@~BDn@|@xEbAjEXp@DVDZ@HBL@P~@rHbC|MZzATnAPr@Lr@~AlIrBxKDLF^FVDR@Fp@vDj@~BX~@tA|Cj@l@zBpBNPNL^j@CNADEZTVNJXFdBtA|D|CvFbELJl@d@NJ~C~BPLhBpA|BbBzExDNLJJnBvAFJLZPdABZB`@Bj@Ft@BnB@Z@d@TbMNtJLrGHxAJfAVjBJr@Ff@Ff@ZxBb@hCDTzB~MBN`AzFBP`A`GDRBJA\F\~@tFx@hFJp@t@`FDXr@lFD^BTb@rE?v@Ez@{@bMCd@MIoCoAYKMGWKIGe@UoAdDWl@U\e@hAUnAOtASrAWr@c@~AO~@SjBg@pDm@~FMlAMzDKdDg@zFSvCcCfXFf@CX}AbQa@lEa@rDQtAmAjKq@`G[fDIdCAbAHdCHdAFb@BbAH|@@j@@lAGxBCl@KjAS|@[nCSdEGl@Ql@Q\{@nAmAtCWdAOdAUdCCTELKBaBc@GEC`@A\ONE|@QnCWbBs@bCcBhCiAz@cBbAg@j@_AnBOf@e@fA_@n@QRu@d@k@@_@Tk@AkAg@{FiEoDgCs@UaALYR]`@a@z@Ol@uAzFk@pBMv@EpAKj@GLa@ZSH[?MEW[MGWTI`@Gr@@`@Dt@@TcAUeAUMCMEa@CcANYXkCjB[ZIa@MLGNIH}BxB]v@Yz@_@xBIpAGpDAZ?Tu@GYCo@EOAAZk@GCHGd@G`@O`AITOHUCYC_@?a@A?]FEN_@BW?{@?sADqAAoIG_@?c@BWGuBMcAWsDFILMFGE{@`@[FKDSB_Cf@YPDJXDd@"
"9","4","}wgiJq{{lBEe@KYQEg@XA{B?kCIiJ@cA?}@?y@@{@?eAD}@@SPcA\k@LIhAy@dAO?JFNbAKRTb@lADXEV_@h@BLPh@j@xAJRXqBHKL?|GdAVBNE`AWf@_ALQf@YVUf@c@\Ob@K\Bt@Z\^b@t@Zx@FLDBHGBMFBRJFZNZELGVMl@Ap@h@pC@TCn@Gd@?NF\NZ`@n@LRNm@`@{@\a@XS`AMr@TnDfCzFhEjAf@j@@^Uj@At@e@PS^o@d@gANg@~@oBf@k@bBcAhA{@bBiCr@cCVcBPoCD}@NOFA`Bd@FRAP?x@a@hPB`FB`BJrBTfCRrAf@fChAzCZz@PEPE|AyDPWFO@MrAeDVk@lA{CRRbB~D`B|DFTBX@h@?d@@XHt@Ld@p@fBLNPP`@Tl@LdDOhCSj@Hl@f@PNn@h@pAdAFFJDBWFm@lBsP|AqP?IEE@SUIg@^"
"10","1","y_fiJeahmB\sARy@Ls@Fc@II]@CFShA_CpJOh@C`@CbAEPITK\GPcAtCQZQb@MZCDIR?RGd@Sn@KNGH}DtLCFmDhKGNe@xA]~@u@vBM\_B`ECFFLDJLXDHDJWfAKp@Q|AEvB?nAF|@MDOFKDKDDRNnATvCPvCL~@zArJBb@Ed@QrBARMdBBv@Dv@Lf@LpDFfBE`BB~A?lFA^ADVLLFBt@?\Lf@h@zAf@fAJb@HPBRFXFBNTTr@l@nD?VJd@HTNEJEJEHlA?FrAdG@DDPBLfB|FBZEJGJ\nAp@fCx@nCv@nCl@zBH`@r@jCHRDJJ\FPJPhA~CHRDIHQrGzR`BvEZnABTBVF`A\GFXRl@Zz@LLr@?|@Ex@Kh@Wb@]vA}ADQ`B{PPa@Hf@a@dE[jDKNKlADtAd@dFr@s@~@yATz@Gn@OvCE\SP}@KOb@RzF@\VvIVxI@l@HnIR`DHrA?bBMtBSbAq@`CYhBu@dF@p@C`@A\ONE|@QnCWbBs@bCcBhCiAz@cBbAg@j@_AnBOf@e@fA_@n@QRu@d@k@@_@Tk@AAzA@RBt@P|APv@h@xAHRn@z@t@lAJ^Lj@H|AC`D?xBFlBDlA@tACnACb@[pAYn@qAtDO\Mf@Kp@FzARfBh@~BB^?XCXCXMd@Wn@gCdEa@p@ILyA`Cq@bAEH_@l@}@fBOPEHoAvB{CfFMPs@lAa@p@i@|@q@jAe@t@KPg@z@c@r@_@n@c@r@W^gAhB]D[Fc@I{@SsGgB_Cs@YIcC{AaAu@uAqAk@_@UGa@IEAWIIAQx@KJWKIWWI_BTQBE@o@JmANc@F}@NY\O^MXSn@s@xBCFQn@Uv@c@t@U`@O^g@jAEOGUa@x@?Fg@hA_AhBwJzRMRKRSd@Ql@}BlEiA~AiArAOTQT[\ICGJILILBZGd@i@bBOl@mA~FSf@CNCb@c@lBuAlGAFQb@[XCLG^CRAGIMm@a@]?MDILcBXC?yBTGCAe@UD_ANyANaE@?a@HmC"
"10","2","iojiJmqulBIlC?`@`EAxAO~@OTE@d@FBxBUB?bBYHMLE\?l@`@HL@FBSF_@BMZYPc@HJHHFF@GtAiGb@sBP[DMAc@B[z@_ENo@V_Ab@}@j@y@Ze@R[FEjBkC|DcGDe@G[KYMc@Re@JSLSvJ{R~@iBf@iA?G`@y@Rc@AUBGJUFOBCBIFKDONLDLDLBD@B@BZcATw@Po@BGr@yBRo@LYN_@X]|@Ob@GlAOn@KDAPC~AUVHHVVJJKPy@H@VHD@`@HTFj@^tApA`At@bCzAXH~Br@rGfBz@Rb@HZG\EfAiBV_@b@s@^o@b@s@f@{@JQd@u@p@kAh@}@`@q@r@mALQzCgFnAwBDINQ|@gB^m@DIp@cAxAaCHM`@q@fCeEVo@Le@BYBY?YC_@i@_CSgBG{AJq@Lg@N]pAuDXo@ZqABc@BoAAuAEmAGmB?yBBaDI}AMk@K_@u@mAo@{@ISi@yAQw@Q}ACu@AS@{Aj@@^Uj@At@e@PS^o@d@gANg@~@oBf@k@bBcAhA{@bBiCr@cCVcBPoCD}@NO@]Ba@FD`Bb@JCDMBUTeCNeAVeAlAuCz@oAP]Pm@Fm@ReEZoCR}@JkABm@FyBAmAAk@I}@CcARc@BWJ}Ct@uCn@oBnBkCfEqFhAsAbAmAr@u@j@Vz@qM`AkNJ{@XoEJDD@|Ap@"
"10","3","_tciJwz`mB}Aq@EAKEBa@B]Dk@d@}GBi@Dk@RsCBe@Dk@x@}LDg@Di@VaEd@_HDo@z@iMBc@b@uGF}@Do@^aFB_@Bg@h@yHJcBF]PYFIT@RSLg@NOBIJSv@u@PODGp@y@FIf@k@z@eAz@eAPQDM\e@DMPQr@cBBEJUT{@t@mDRsALYNYTOVE`AER?LEHAJCNECcAEq@Mm@E{@YcHAc@Dm@Fe@@IFa@ReC?e@IuALGAc@N_@v@kCx@_C`EsJPKR|DRlBHZR^HCdBaBZMnBo@n@UDOB^BX[nAgCtgBm@JpJhnC"
"10","4","csaiJ{{~lBqJinCl@KfCugBZoACYC_@ENo@ToBn@[LeB`BIBS_@I[SmBS}DQJaErJy@~Bw@jCO^@b@MFHtA?d@SdCG`@AHGd@El@@b@XbHDz@Ll@Dp@BbAODKBI@MDS?aADWDUNOXMXSrAu@lDUz@KTCDs@bBQPEL]d@ELQP{@dA{@dAg@j@GHEE[ZYEODm@h@{D`E{@`AaA?WNo@p@a@p@c@`AEf@Ev@oAdDWl@U\e@hAUnAOtASrAWr@c@~AO~@SjBg@pDm@~FMlAMzDKdDg@zFSvCcCfXFf@CX}AbQa@lEa@rDQtAmAjKq@`G[fDIdCAbAHdCHdAFb@BbAH|@@j@@lAGxBCl@KjAS|@[nCSdEGl@Ql@Q\{@nAmAtCWdAOdAUdCCTELKBaBc@GEC`@A\ONE|@QnCWbBs@bCcBhCiAz@cBbAg@j@_AnBOf@e@fA_@n@QRu@d@k@@_@Tk@AAzA@RBt@P|APv@h@xAHRn@z@t@lAJ^Lj@H|AC`D?xBFlBDlA@tACnACb@[pAYn@qAtDO\Mf@Kp@FzARfBh@~BB^?XCXCXMd@Wn@gCdEa@p@ILyA`Cq@bAEH_@l@}@fBOPEHoAvB{CfFMPs@lAa@p@i@|@q@jAe@t@KPg@z@c@r@_@n@c@r@W^gAhB]D[Fc@I{@SsGgB_Cs@YIcC{AaAu@uAqAk@_@UGa@IEAWIIAMSCy@OACEGEcAiAUgBKWs@SgAISCMC[EmDm@IAAOBkB?oA?sFI_Aa@iBq@{C_@uBCO[sBMsAGk@Qb@k@fAo@^UQ_@IWEYMwBjAKq@CIGYMGw@XC@g@\]RYPA@OJMFGZq@hAm@pAq@x@mAxAEB_CKCBIDgAdBWVm@~@EO}@dBQ^GVmAYQUUSe@g@OEu@KKEIEuA{C[_@oAtDCBiE|CcB|@kB\OKmAzHGb@qBjMsB~M[~DG|AEtECpAIdASrA[~@SZMJq@^[He@Dk@?UGiHoBgBm@aAk@s@o@{DkEsA{ACY[s@@KMOaAg@k@OmAKi@Eq@G_DWiAs@GsA@{@Ae@?aBDkGBsE?kDMKCQ@gEKAo@IICAc@WoAIDGBC@AOEMcAcCIMCWGW}AwAKDGl@StAUdA_@fA{@zA"
